"排名","代號","名稱","市場","股價日期","成交","漲跌價","漲跌幅","面值(元)","股本(億)","發行量(萬張)","市值(億)","成立年數","掛牌年數","股票期貨","選擇權","權證","公司債","私募股","特別股","產業別","董事長","總經理"
"1",="2330","台積電","市","01/13","1710","+20","+1.18","10","2,593","2,593","443,446","38.9","31.4","有","有","有","有","","","半導體業","魏哲家","總裁: 魏哲家"
"2",="2317","鴻海","市","01/13","226.5","-2","-0.88","10","1,396","1,396","31,629","51.9","34.6","有","有","有","有","","","其他電子業","劉揚偉","劉揚偉"
"3",="2308","台達電","市","01/13","1030","-25","-2.37","10","260","259.8","26,755","50.4","37.1","有","","有","有","","","電子零組件業","鄭平","張訓海"
"4",="2454","聯發科","市","01/13","1485","+40","+2.77","10","160","160.4","23,818","28.6","24.5","有","有","有","","","","半導體業","蔡明介","陳冠州"
"5",="2881","富邦金","市","01/13","94.2","-0.8","-0.84","10","1,561","1,401","13,195","24.1","24.1","有","有","有","有","","有","金控業","蔡明興","韓蔚廷"
"6",="3711","日月光投控","市","01/13","289.5","+6.5","+2.3","10","444","442.2","12,802","7.7","7.71","有","有","有","有","","","半導體業","張虔生","張洪本"
"7",="2882","國泰金","市","01/13","77.4","+1.3","+1.71","10","1,620","1,467","11,354","24","24","有","有","有","有","","有","金控業","蔡宏圖","李長庚"
"8",="0050","元大台灣50","市","01/13","70.7","+0.35","+0.5","","","1,559","11,020","22.6","22.5","有","有","有","","","","國內成分股ETF","劉宗聖","陳沛宇"
"9",="2382","廣達","市","01/13","279","-1.5","-0.53","10","386","386.3","10,777","37.7","27","有","有","","","","","電腦及週邊設備業","林百里","梁次震"
"10",="2412","中華電","市","01/13","133.5","0","0","10","776","775.7","10,356","29.6","25.2","有","有","有","有","","","通信網路業","簡志誠","林榮賜"
"11",="2891","中信金","市","01/13","49.65","-0.35","-0.7","10","2,015","1,965","9,756","23.7","23.7","有","有","有","有","","有","金控業","顏文隆","高麗雪"
"12",="6669","緯穎","市","01/13","3900","-195","-4.76","10","18.6","18.58","7,248","13.9","6.8","有","","有","有","","","電腦及週邊設備業","洪麗寗","林威遠"
"13",="2408","南亞科","市","01/13","230","-9","-3.77","10","310","309.9","7,127","30.9","25.4","有","","有","有","","","半導體業","鄒明仁","李培瑛"
"14",="2303","聯電","市","01/13","54.9","-0.4","-0.72","10","1,259","1,259","6,911","45.6","40.5","有","有","有","有","","","半導體業","洪嘉聰","簡山傑、王石"
"15",="2345","智邦","市","01/13","1180","-25","-2.07","10","56.1","56.11","6,621","37.9","30.2","有","","有","有","","","通信網路業","黃國修","李訓德"
"16",="7769","鴻勁","市","01/13","3460","+15","+0.44","10","18","17.99","6,226","10.7","0.13","","","","","","","半導體業","謝旼達","張簡榮力"
"17",="2886","兆豐金","市","01/13","40.4","+0.1","+0.25","10","1,483","1,483","5,993","23.9","23.9","有","有","","有","","","金控業","董瑞斌","張傳章"
"18",="2383","台光電","市","01/13","1635","+25","+1.55","10","35.8","34.68","5,670","33.8","29.1","有","","有","","","","電子零組件業","董定宇","董定宇"
"19",="2327","國巨*","市","01/13","260.5","+13","+5.25","2.5","51.8","207.3","5,400","38.3","32.2","有","","有","有","","","電子零組件業","陳泰銘","王淡如"
"20",="2885","元大金","市","01/13","40.5","0","0","10","1,333","1,333","5,399","23.9","23.9","有","有","有","有","","","金控業","翁健","黃維誠"
"21",="0056","元大高股息","市","01/13","37.74","+0.07","+0.19","","","1,415","5,340","18.1","18.1","有","","有","","","","國內成分股ETF","劉宗聖","陳沛宇"
"22",="2884","玉山金","市","01/13","32.4","-0.1","-0.31","10","1,617","1,617","5,240","24","24","有","有","有","有","","","金控業","黃男州","陳茂欽"
"23",="2887","台新新光金","市","01/13","21.05","+0.15","+0.72","10","2,936","2,487","5,234","23.9","23.9","有","有","有","有","","有","金控業","吳東亮","林維俊"
"24",="3017","奇鋐","市","01/13","1345","-10","-0.74","10","39.1","38.82","5,221","34.1","23.3","有","","有","有","","","電腦及週邊設備業","沈慶行","沈慶行"
"25",="1303","南亞","市","01/13","62.2","-2.5","-3.86","10","793","793.1","4,933","67.4","58.2","有","有","有","有","","","塑膠工業","吳嘉昭","鄒明仁"
"26",="00878","國泰永續高股息","市","01/13","22.33","+0.06","+0.27","","","2,060","4,600","5.5","5.49","有","","有","","","","國內成分股ETF","李偉正","張雍川"
"27",="3231","緯創","市","01/13","143.5","-2.5","-1.71","10","318","318","4,564","24.6","22.4","有","有","有","有","","","電腦及週邊設備業","林憲銘","林建勳"
"28",="6505","台塑化","市","01/13","47.3","-1.25","-2.57","10","953","952.6","4,506","33.8","22.1","有","","有","有","","","油電燃氣業","曹明","林克彥"
"29",="2344","華邦電","市","01/13","99.8","-2.2","-2.16","10","450","450","4,491","38.3","30.2","有","","有","","","","半導體業","焦佑鈞","陳沛銘"
"30",="2880","華南金","市","01/13","32","-0.1","-0.31","10","1,392","1,392","4,453","24.1","24.1","有","有","有","有","","","金控業","陳芬蘭","李耀卿"
"31",="1216","統一","市","01/13","76.1","+0.5","+0.66","10","568","568.2","4,324","58.4","38","有","有","有","有","","","食品工業","羅智先","郭慶峰"
"32",="2892","第一金","市","01/13","29.4","0","0","10","1,438","1,438","4,228","23","23","有","有","有","有","","","金控業","邱月琴","方螢基"
"33",="2603","長榮","市","01/13","195","-0.5","-0.26","10","217","216.5","4,222","57.3","38.3","有","有","有","有","","","航運業","張衍義","吳光輝"
"34",="2360","致茂","市","01/13","984","+30","+3.14","10","42.5","42.53","4,185","41.2","29.1","有","","有","","","","其他電子業","黃欽明","曾一士"
"35",="2890","永豐金","市","01/13","28.7","-0.05","-0.17","10","1,450","1,450","4,162","23.7","23.7","有","有","有","有","","有","金控業","陳思寬","朱士廷"
"36",="00919","群益台灣精選高息","市","01/13","23.17","+0.04","+0.17","","","1,793","4,153","3.3","3.24","有","","有","","","","國內成分股ETF","賴政昇","陳明輝"
"37",="3045","台灣大","市","01/13","107","-0.5","-0.47","10","372","372.3","3,984","28.9","25.3","有","","","有","","","通信網路業","蔡明忠","林之晨"
"38",="3037","欣興","市","01/13","254","+10.5","+4.31","10","153","153","3,885","36","27.1","有","有","有","","","","電子零組件業","曾子章","馬光華、蘭庭"
"39",="2357","華碩","市","01/13","518","-28","-5.13","10","74.3","74.28","3,847","35.8","29.2","有","有","有","","","","電腦及週邊設備業","施崇棠","許先越/胡書賓"
"40",="8299","群聯","櫃","01/13","1770","-5","-0.28","10","20.8","21.56","3,817","25.2","21.1","有","","有","有","","","半導體業","顏暐駩","馬中迅"
"41",="2301","光寶科","市","01/13","163.5","-1","-0.61","10","232","231.7","3,788","36.8","30.2","有","","有","","","","電腦及週邊設備業","宋明峰","邱森彬"
"42",="5880","合庫金","市","01/13","24","+0.05","+0.21","10","1,568","1,568","3,763","14.1","14.1","有","有","有","","","","金控業","林衍茂","蘇佐政"
"43",="3653","健策","市","01/13","2390","-145","-5.72","10","14.5","14.29","3,416","38.8","16.2","有","","有","","","","電子零組件業","趙宗信","林錦隆"
"44",="2449","京元電子","市","01/13","270.5","+0.5","+0.19","10","122","122.3","3,308","38.6","24.7","有","","有","","","","半導體業","李金恭","張高薰"
"45",="3008","大立光","市","01/13","2430","-60","-2.41","10","13.3","13.35","3,243","38.7","23.8","有","有","有","","","","光電業","林恩平","黃有執"
"46",="3443","創意","市","01/13","2420","-15","-0.62","10","13.4","13.4","3,243","28","19.2","有","","有","","","","半導體業","曾繁城","戴尚義"
"47",="2368","金像電","市","01/13","655","-11","-1.65","10","50.5","49.18","3,222","44.4","27.9","有","","有","有","","","電子零組件業","楊承澤","楊承澤"
"48",="4904","遠傳","市","01/13","88.8","-0.2","-0.22","10","361","360.7","3,203","28.8","24.1","有","","有","有","有","","通信網路業","徐旭東","井琪"
"49",="2059","川湖","市","01/13","3305","-60","-1.78","10","9.53","9.53","3,150","39.3","20.7","有","","有","","","","電子零組件業","林聰吉","林淑珍"
"50",="2002","中鋼","市","01/13","19.45","-0.1","-0.51","10","1,577","1,573","3,060","54.1","51.1","有","有","有","有","","有","鋼鐵工業","黃建智","陳守道"
"51",="006208","富邦台50","市","01/13","160.85","+0.7","+0.44","","","189.8","3,052","13.6","13.5","","","有","","","","國內成分股ETF","黃昭棠","呂其倫"
"52",="5274","信驊","櫃","01/13","8005","-50","-0.62","10","3.78","3.78","3,026","21.2","12.7","有","","有","","","","半導體業","林鴻明","林鴻明"
"53",="2207","和泰車","市","01/13","541","+1","+0.19","10","55.7","55.71","3,014","70.7","28.9","","","","","","","汽車工業","黃南光","蘇純興"
"54",="2883","凱基金","市","01/13","17.65","0","0","10","1,856","1,697","2,996","24","24","有","","有","有","","有","金控業","王銘陽","楊文鈞"
"55",="3661","世芯-KY","市","01/13","3675","+45","+1.24","10","8.13","8.09","2,971","22.9","11.2","有","","有","","有","","半導體業","沈翔霖","沈翔霖"
"56",="2379","瑞昱","市","01/13","576","+37","+6.86","10","51.6","51.55","2,969","38.2","27.2","有","","有","","","","半導體業","邱順建","顏光裕"
"57","00937B","群益ESG投等債20+","櫃","01/13","15.23","+0.04","+0.26","","","1,836","2,797","2.1","2.11","有","","有","","","","債券ETF","賴政昇","陳明輝"
"58",="3665","貿聯-KY","市","01/13","1420","+25","+1.79","10","19.5","19.4","2,754","25.6","14.7","","","有","有","","","其他電子業","梁華哲","鄧劍華"
"59",="1519","華城","市","01/13","812","-5","-0.61","10","31.6","31.59","2,565","56.4","28.7","","","有","","","","電機機械","許邦福","許逸德/許逸晟(執行長)"
"60",="1301","台塑","市","01/13","40.2","-1.3","-3.13","10","637","636.6","2,559","71.2","61.5","有","有","有","有","","","塑膠工業","郭文筆","林勝冠"
"61",="2395","研華","市","01/13","287","-1","-0.35","10","86.5","86.42","2,480","44.4","26.1","","","","","","","電腦及週邊設備業","劉克振","陳清熙、蔡淑妍、張家豪"
"62",="2801","彰銀","市","01/13","20.4","-0.15","-0.73","10","1,177","1,177","2,400","75.5","63.9","有","有","有","","","","銀行業","胡光華","簡志光"
"63","00679B","元大美債20年","櫃","01/13","27.42","+0.07","+0.26","","","867.9","2,380","9","8.99","有","","有","","","","債券ETF","劉宗聖","陳沛宇"
"64",="3034","聯詠","市","01/13","385.5","+2.5","+0.65","10","60.9","60.85","2,346","28.6","24.7","有","","有","","","","半導體業","何泰舜","王守仁"
"65",="2912","統一超","市","01/13","223.5","+0.5","+0.22","10","104","104","2,324","38.6","28.4","","","","","","","貿易百貨業","羅智先","黃瑞典"
"66",="6488","環球晶","櫃","01/13","476","+4","+0.85","10","47.8","47.81","2,276","14.2","10.3","有","","有","有","","","半導體業","徐秀蘭","Mark England"
"67",="6919","康霈*","市","01/13","145.5","-2","-1.36","0.5","7.77","155.1","2,257","13.2","1.28","","","","","","","生技醫療業","徐坴暉","凌玉芳"
"68",="6223","旺矽","櫃","01/13","2275","+75","+3.41","10","9.49","9.76","2,219","30.5","23","有","","有","","","","半導體業","葛長林","郭遠明"
"69",="2615","萬海","市","01/13","78.9","-0.7","-0.88","10","281","280.6","2,214","60.9","29.7","有","","有","有","","","航運業","久福花園股份有限公司","謝福隆"
"70",="5347","世界","櫃","01/13","117.5","-1.5","-1.26","10","187","186.7","2,194","31.1","27.8","有","","有","有","","","半導體業","方略","尉濟時"
"71",="6770","力積電","市","01/13","50.7","+0.9","+1.81","10","420","418.8","2,123","17.7","4.11","有","","有","","","","半導體業","黃崇仁","朱憲國"
"72",="3293","鈊象","櫃","01/13","736","-5","-0.67","10","28.2","28.18","2,074","36.2","19.5","有","","有","","","","文化創意業","李柯柱","江順成"
"73",="2404","漢唐","市","01/13","1080","+98","+9.98","10","19.1","19.06","2,058","43.3","27.9","有","","有","有","","","其他電子業","李惠文","賴志明"
"74",="8069","元太","櫃","01/13","174.5","-3","-1.69","10","115","115.2","2,010","33.6","21.8","有","","有","","有","","光電業","李政昊","甘豐源"
"75",="1590","亞德客-KY","市","01/13","992","+22","+2.27","10","20","20","1,984","16.3","15.1","有","","有","","","","電機機械","王世忠","李懷文"
"76",="2618","長榮航","市","01/13","36.55","-0.55","-1.48","10","540","540","1,974","36.8","26.2","有","有","有","有","","","航運業","林寶水","孫嘉明"
"77",="6446","藥華藥","市","01/13","518","+1","+0.19","10","38","37.99","1,968","25.7","9.49","","","","","","","生技醫療業","詹青柳","黃正谷"
"78",="1504","東元","市","01/13","82.3","-1.3","-1.56","10","238","237.6","1,956","69.6","52.2","有","","有","有","","","電機機械","利明献","高飛鳶"
"79",="5876","上海商銀","市","01/13","39.8","-0.3","-0.75","10","486","486.2","1,935","71.3","7.24","有","","有","有","","","銀行業","李慶言","郭進一"
"80",="2609","陽明","市","01/13","55.4","-0.7","-1.25","10","349","349.2","1,935","53","33.7","有","","有","有","","","航運業","蔡豐明","白崑榮"
"81",="3036","文曄","市","01/13","151.5","+7.5","+5.21","10","140","126.5","1,917","32.1","25.3","有","","有","有","","有","電子通路業","鄭文宗","鄭文宗"
"82","00687B","國泰20年美債","櫃","01/13","28.5","+0.06","+0.21","","","672.2","1,916","8.8","8.76","有","","有","","","","債券ETF","李偉正","張雍川"
"83",="1101","台泥","市","01/13","24.95","0","0","10","775","755.1","1,884","75","63.9","有","有","有","有","","有","水泥工業","張安平","程耀輝"
"84",="4938","和碩","市","01/13","70.2","-0.6","-0.85","10","268","268.2","1,883","18.6","15.6","有","","有","有","","","電腦及週邊設備業","童子賢","鄭光志/鄧國彥"
"85",="1605","華新","市","01/13","41.5","+1.95","+4.93","10","443","443.1","1,839","59.1","53.2","有","有","有","有","","","電器電纜","焦佑倫","潘文虎"
"86",="6239","力成","市","01/13","242","+22","+10","10","75.9","75.91","1,837","28.7","22.8","有","","有","","","","半導體業","蔡篤恭","呂肇祥"
"87",="1326","台化","市","01/13","31","-1.45","-4.47","10","586","586.1","1,817","60.9","41.1","有","有","有","有","","","塑膠工業","洪福源","呂文進"
"88",="3481","群創","市","01/13","22.65","+0.65","+2.95","10","799","798.9","1,810","23","19.2","有","有","有","","","","光電業","洪進揚","楊弘文"
"89",="5871","中租-KY","市","01/13","105.5","+1.5","+1.44","10","186","171.1","1,806","16.1","14.1","有","","有","有","","有","其他業","陳鳳龍","陳鳳龍"
"90",="8046","南電","市","01/13","268","+13.5","+5.3","10","64.6","64.62","1,732","28.2","19.8","有","","有","","","","電子零組件業","鄒明仁","呂連瑞"
"91",="3044","健鼎","市","01/13","311","-2.5","-0.8","10","52.6","52.56","1,635","34.1","25.1","有","","有","","","","電子零組件業","王景春","黃樂仁"
"92",="2313","華通","市","01/13","135","+8","+6.3","10","119","119.2","1,609","52.4","35.5","有","","有","","","","電子零組件業","江培琨","吳柏毅"
"93",="2376","技嘉","市","01/13","235.5","0","0","10","67","66.99","1,578","39.7","27.3","有","","有","有","","","電腦及週邊設備業","葉培城","李宜泰/林英宇"
"94",="4958","臻鼎-KY","市","01/13","164","+5.5","+3.47","10","107","95.67","1,569","19.6","14.1","有","","有","有","","","電子零組件業","沈慶芳","簡禎富"
"95",="2356","英業達","市","01/13","43.35","-0.3","-0.69","10","359","358.8","1,555","50.6","29.2","有","","有","","","","電腦及週邊設備業","葉力誠","蔡枝安"
"96",="2834","臺企銀","市","01/13","15.95","0","0","10","972","971.8","1,550","75.3","28","有","","有","","","","銀行業","李嘉祥","李國忠"
"97",="2633","台灣高鐵","市","01/13","27.4","-0.2","-0.72","10","563","562.8","1,542","27.7","9.22","有","","","有","有","","航運業","史哲","陳惠裕"
"98",="3533","嘉澤","市","01/13","1360","-70","-4.9","10","11.3","11.25","1,530","39.4","18.1","有","","有","","","","電子零組件業","朱德祥","何德佑"
"99","00751B","元大AAA至A公司債","櫃","01/13","32.41","+0.07","+0.22","","","469.8","1,522","7.3","7.28","","","","","","","債券ETF","劉宗聖","陳沛宇"
"100",="1402","遠東新","市","01/13","28.05","-0.35","-1.23","10","535","535.3","1,501","72","58.8","有","有","有","有","","","紡織纖維","徐旭東","吳高山,鄭澄宇,范欽智,李源珍"
"101","00720B","元大投資級公司債","櫃","01/13","34","+0.09","+0.27","","","434.8","1,478","8","7.95","","","","","","","債券ETF","劉宗聖","陳沛宇"
"102",="6139","亞翔","市","01/13","602","+23","+3.97","10","23.5","23.33","1,405","47.1","24","有","","有","有","","","其他電子業","姚祖驤","蔣曉麟"
"103",="6274","台燿","櫃","01/13","479","+3.5","+0.74","10","28.9","28.87","1,383","51.6","22.1","有","","有","","","","電子零組件業","辛忠衡","陳正益"
"104","00725B","國泰投資級公司債","櫃","01/13","36.08","+0.07","+0.19","","","380.4","1,372","8","7.93","","","","","","","債券ETF","李偉正","張雍川"
"105",="2324","仁寶","市","01/13","30.9","+0.55","+1.81","10","441","440.7","1,362","41.6","33.9","有","有","有","","","","電腦及週邊設備業","陳瑞聰","Anthony Peter Bonadero"
"106",="00929","復華台灣科技優息","市","01/13","19.03","+0.17","+0.9","","","706.2","1,344","2.6","2.6","有","","有","","","","國內成分股ETF","杜俊雄","張偉智"
"107",="1102","亞泥","市","01/13","37.6","+0.1","+0.27","10","355","354.7","1,334","68.8","63.6","有","","有","有","","","水泥工業","徐旭東","李坤炎"
"108",="00713","元大台灣高息低波","市","01/13","51.25","+0.05","+0.1","","","252.2","1,293","8.3","8.3","","","","","","","國內成分股ETF","劉宗聖","陳沛宇"
"109",="2812","台中銀","市","01/13","20.85","0","0","10","592","602.2","1,256","72.4","41.7","","","","","","","銀行業","李瑞倉","董益源"
"110",="3529","力旺","櫃","01/13","1680","-15","-0.88","10","7.47","7.47","1,255","25.4","15","有","","有","","","","半導體業","徐清祥","何明洲"
"111",="6515","穎崴","市","01/13","3450","-20","-0.58","10","3.6","3.6","1,243","24.8","4.98","","","有","有","","","半導體業","王嘉煌","王嘉煌"
"112",="2474","可成","市","01/13","209.5","+3","+1.45","10","62.4","59.22","1,241","41.1","24.3","有","有","有","","","","其他電子業","洪水樹","洪天賜"
"113",="2610","華航","市","01/13","20.35","-0.4","-1.93","10","608","608.4","1,238","66.4","32.9","有","","有","有","","","航運業","高星潢","陳漢銘"
"114","00772B","中信高評級公司債","櫃","01/13","34.54","+0.06","+0.17","","","351.7","1,215","7","6.96","有","","","","","","債券ETF","陳金榮","陳正華"
"115",="8210","勤誠","市","01/13","952","+41","+4.5","10","12.5","12.53","1,193","42.1","20.7","","","有","有","","","電腦及週邊設備業","陳美琪","陳亞男"
"116",="8464","億豐","市","01/13","394","0","0","10","29.3","29.3","1,154","18.5","10.1","","","有","","","","居家生活","粘耿豪","粘肇紘"
"117",="2409","友達","市","01/13","15.15","-0.15","-0.98","10","755","754.7","1,143","29.4","25.3","有","有","有","","","","光電業","彭又又浪","柯富仁"
"118","00933B","國泰10Y+金融債","櫃","01/13","16.57","+0.03","+0.18","","","683.8","1,133","2.3","2.24","","","","","","","債券ETF","李偉正","張雍川"
"119",="3706","神達","市","01/13","85.3","-2.7","-3.07","10","133","132.7","1,132","12.3","12.3","有","","有","","","","電腦及週邊設備業","苗豐強","何繼武"
"120",="2337","旺宏","市","01/13","60.9","-0.3","-0.49","10","186","185.6","1,130","36.1","30.8","有","","有","有","有","","半導體業","吳敏求","盧志遠"
"121",="1476","儒鴻","市","01/13","396.5","-6.5","-1.61","10","27.4","27.44","1,088","48.1","24.7","有","","有","","","","紡織纖維","王樹文","洪瑞廷"
"122",="2347","聯強","市","01/13","64.7","+0.5","+0.78","10","167","166.8","1,079","37.3","30.1","有","","有","","","","電子通路業","苗豐強","杜書伍"
"123",="3702","大聯大","市","01/13","64.2","+0.6","+0.94","10","168","167.9","1,078","20.2","20.2","有","","有","有","","","電子通路業","黃偉祥","張蓉崗"
"124","00724B","群益投資級金融債","櫃","01/13","35.1","+0.07","+0.2","","","306.3","1,075","8.1","8.08","","","","","","","債券ETF","賴政昇","陳明輝"
"125",="6781","AES-KY","市","01/13","1245","-55","-4.23","10","8.54","8.54","1,063","6","4.82","","","有","","","","電子零組件業","宋福祥","宋維哲"
"126",="6442","光聖","市","01/13","1340","-75","-5.3","10","7.81","7.81","1,046","29.4","10.5","","","有","","","","通信網路業","CHEN, STEVE","張英華"
"127",="2451","創見","市","01/13","239.5","+2.5","+1.05","10","43.1","43.07","1,032","36.4","24.7","","","有","","","","半導體業","束崇萬","張宗凱"
"128",="9910","豐泰","市","01/13","104","0","0","10","98.7","98.75","1,027","54.5","33.9","","","","","","","運動休閒","王建弘","陳昭吉"
"129",="5536","聖暉*","櫃","01/13","812","+21","+2.65","5","6.2","12.41","1,008","46.9","15.2","","","有","有","","","其他電子業","梁進利","賴銘崑&王俊盛"
"130",="00940","元大台灣價值高息","市","01/13","9.5","+0.03","+0.32","","","1,048","995","1.8","1.79","有","","","","","","國內成分股ETF","劉宗聖","陳沛宇"
"131",="1802","台玻","市","01/13","34.05","-0.8","-2.3","10","291","290.8","990","61.4","52.5","有","","有","","","","玻璃陶瓷","林伯豐","林伯實"
"132",="2105","正新","市","01/13","30.3","-0.2","-0.66","10","324","324.1","982","56.1","38.1","有","","有","有","","","橡膠工業","陳榮華","李進昌"
"133",="5269","祥碩","市","01/13","1300","-80","-5.8","10","7.48","7.48","972","21.8","13.1","有","","有","","","","半導體業","徐世昌","林哲偉"
"134","00761B","國泰A級公司債","櫃","01/13","35.42","+0.08","+0.23","","","273.6","969","7.2","7.12","","","","","","","債券ETF","李偉正","張雍川"
"135","00773B","中信優先金融債","櫃","01/13","37.03","+0.05","+0.14","","","260.4","964","7","6.96","","","","","","","債券ETF","陳金榮","陳正華"
"136",="2027","大成鋼","市","01/13","36.7","+0.25","+0.69","10","258","258.4","948","39.1","29.2","有","","有","","","","鋼鐵工業","謝麗雲","謝榮坤"
"137",="1503","士電","市","01/13","180","+4.5","+2.56","10","52.1","52.1","938","70.2","56.1","有","","有","","","","電機機械","許育瑞","郭約瑟、程相智"
"138",="9904","寶成","市","01/13","31","-1.2","-3.73","10","295","294.7","914","56.4","36","有","","有","","","","運動休閒","吳邦治","盧金柱"
"139",="6409","旭隼","市","01/13","1020","+15","+1.49","10","8.77","8.77","895","17.7","11.8","","","有","","","","其他電子業","謝卓明","謝卓明"
"140",="3105","穩懋","櫃","01/13","210","-23","-9.87","10","42.4","42.39","890","26.2","14.1","有","","有","","","","半導體業","陳進財","陳國樺"
"141",="6805","富世達","市","01/13","1295","-35","-2.63","10","6.86","6.86","888","24.6","2.18","","","有","","","","電子零組件業","黃祖模","徐安賜"
"142",="3324","雙鴻","櫃","01/13","951","-12","-1.25","10","9.28","9.31","885","27.4","20.7","有","","有","有","","","其他電子業","林育申","陳志偉"
"143",="6415","矽力*-KY","市","01/13","228","-8","-3.39","2.5","9.72","38.81","885","17.9","12.1","","","有","","","","半導體業","陳偉","游步東及謝兵"
"144",="2385","群光","市","01/13","116","-1","-0.85","10","76","76.01","882","42.9","27","有","","有","","","","電子零組件業","許崑泰","呂進宗"
"145","00746B","富邦A級公司債","櫃","01/13","36.63","+0.06","+0.16","","","237.7","871","7.5","7.42","","","","","","","債券ETF","黃昭棠","呂其倫"
"146",="3260","威剛","櫃","01/13","267","-7","-2.55","10","32.6","32.58","870","24.7","21.3","有","","有","有","","","半導體業","陳立白","陳玲娟"
"147",="2542","興富發","市","01/13","39.4","-0.3","-0.76","10","217","217.3","856","46","26.7","有","","有","有","","","建材營造業","曹淵博","范華軍"
"148",="4749","新應材","櫃","01/13","917","-13","-1.4","10","9.27","9.27","850","22.3","0.99","","","有","","","","半導體業","詹文雄","郭光埌"
"149",="6789","采鈺","市","01/13","266.5","-2","-0.74","10","31.8","31.83","848","22.1","3.54","","","有","","","","半導體業","關欣","關欣"
"150",="9945","潤泰新","市","01/13","29.55","+0.15","+0.51","10","284","284.4","840","48.3","33.7","有","","有","","","","其他業","簡滄圳","盧玉璜"
"151",="1229","聯華","市","01/13","46.5","+0.25","+0.54","10","180","179.6","835","70.5","49.5","","","","有","","","食品工業","苗豐強","林信宏"
"152",="00918","大華優利高填息30","市","01/13","22.86","+0.03","+0.13","","","364.1","832","3.2","3.14","","","","","","","國內成分股ETF","張文傑","王政修"
"153",="00881","國泰台灣科技龍頭","市","01/13","34.97","+0.22","+0.63","","","236.8","828","5.1","5.1","","","有","","","","國內成分股ETF","李偉正","張雍川"
"154",="2377","微星","市","01/13","98","-2","-2","10","84.5","84.49","828","39.4","27.2","有","有","有","","","","電腦及週邊設備業","徐祥","黃金請"
"155",="2354","鴻準","市","01/13","58.5","-1.1","-1.85","10","141","141.4","827","35.7","29.3","有","","有","","","","其他電子業","陳國寶","潘彥仁"
"156",="2838","聯邦銀","市","01/13","18.9","+0.05","+0.27","10","454","434.1","820","34","27.5","","","","","","有","銀行業","林鴻聯","許維文"
"157",="3189","景碩","市","01/13","176.5","-4.5","-2.49","10","45.7","45.68","806","25.3","21.2","有","","有","","","","半導體業","廖賜政","陳河旭"
"158",="2353","宏碁","市","01/13","26.35","-0.5","-1.86","10","305","304.8","803","49.5","29.3","有","有","有","","","","電腦及週邊設備業","陳俊聖","簡慧祥"
"159",="1795","美時","市","01/13","293","+7.5","+2.63","10","26.7","26.69","782","59.5","16","有","","有","","","","生技醫療業","Vilhelm Robert Wessman","Petar Antonov Vazharov"
"160",="6531","愛普*","市","01/13","476","+4","+0.85","5","8.13","16.25","773","14.4","9.62","","","有","","","","半導體業","陳文良","洪志勳"
"161",="2371","大同","市","01/13","35.65","+3.2","+9.86","10","215","215.1","767","75.8","63.9","有","","有","有","","","電機機械","張榮華","張松鑌"
"162",="1477","聚陽","市","01/13","308","-5.5","-1.75","10","24.7","24.67","760","36","23","有","","有","","","","紡織纖維","周理平","周心鵬"
"163",="5483","中美晶","櫃","01/13","117.5","-2","-1.67","10","64.1","64.12","753","45","24.9","有","","有","","","","半導體業","徐秀蘭","陳振乾"
"164",="6510","精測","櫃","01/13","2285","+110","+5.06","10","3.28","3.28","749","20.4","9.81","有","","有","有","","","半導體業","洪維國","黃水可"
"165",="1513","中興電","市","01/13","147","+1","+0.68","10","50.3","50.31","740","69.7","31.9","有","","有","有","","","電機機械","江馥年","郭慧娟"
"166",="0052","富邦科技","市","01/13","41.24","+0.34","+0.83","","","178.4","736","19.4","19.3","","","有","","","","國內成分股ETF","黃昭棠","呂其倫"
"167",="6691","洋基工程","市","01/13","604","+11","+1.85","10","12.1","12.15","734","45.5","4.03","","","有","","","","其他電子業","劉士源","林鴻忠"
"168",="6526","達發","市","01/13","433","-2.5","-0.57","10","16.8","16.75","725","24.4","2.24","有","","有","","","","半導體業","謝清江","謝清江"
"169",="2049","上銀","市","01/13","203","-2.5","-1.22","10","35.4","35.38","718","36.3","16.6","有","","有","","","","電機機械","卓文恒","蔡惠卿"
"170",="3005","神基","市","01/13","115.5","-1","-0.86","10","62.1","62.02","716","36.3","23.9","有","","有","","","","電腦及週邊設備業","黃明漢","黃明漢"
"171",="2646","星宇航空","市","01/13","23.25","-0.1","-0.43","10","301","300.9","700","7.7","1.22","","","有","","","","航運業","張國煒","翟健華"
"172",="1717","長興","市","01/13","59.5","+5.4","+9.98","10","117","117.2","697","61.1","31.8","有","","有","有","","","化學工業","高國倫","廖恒寧"
"173",="8996","高力","市","01/13","756","+58","+8.31","10","9.22","9.15","692","55.3","19.5","","","有","","","","電機機械","吳誌雄","王心五"
"174",="2258","鴻華先進-創","市","01/13","39.6","-0.3","-0.75","10","174","174.1","690","5.2","2.15","","","","","","","汽車工業","李秉彥","陳清亞"
"175",="00662","富邦NASDAQ","市","01/13","104.65","+0.75","+0.72","","","65.4","684","9.6","9.58","","","有","","","","國外成分股ETF","黃昭棠","呂其倫"
"176","00740B","富邦全球投等債","櫃","01/13","39.6","+0.06","+0.15","","","171.8","680","7.6","7.6","","","","","","","債券ETF","黃昭棠","呂其倫"
"177",="6121","新普","櫃","01/13","361","0","0","10","18.5","18.5","668","33.7","24.1","有","","有","","","","電腦及週邊設備業","宋福祥","宋福祥"
"178","00792B","群益A級公司債","櫃","01/13","32.49","+0.1","+0.31","","","205.3","667","6.8","6.78","","","","","","","債券ETF","賴政昇","陳明輝"
"179",="6472","保瑞","市","01/13","514","+9","+1.78","10","12.7","12.45","640","18.6","8.74","有","","有","","","","生技醫療業","盛保熙","盛保熙"
"180",="3264","欣銓","櫃","01/13","130.5","-0.5","-0.38","10","49","49.02","640","26.3","21","有","","有","有","","","半導體業","盧志遠","張季明"
"181",="8358","金居","櫃","01/13","253","-3","-1.17","10","25.3","25.26","639","27.6","15.3","有","","有","","","","電子零組件業","李思賢","李思賢"
"182",="2492","華新科","市","01/13","131","+6","+4.8","10","48.6","48.58","636","55.5","28.1","有","","有","有","","","電子零組件業","焦佑衡","曾明燦"
"183",="7750","新代","市","01/13","879","-8","-0.9","10","7.18","7.18","631","30.5","0.33","","","","","","","電機機械","蔡尤鏗","蔡尤鏗"
"184",="7799","禾榮科","市","01/13","402","+2.5","+0.63","10","15.8","15.65","629","8.4","0.33","","","","","","","生技醫療業","許金榮","沈孝廉"
"185",="6890","來億-KY","市","01/13","252","-3.5","-1.37","10","24.9","24.94","628","4.6","1.59","","","有","","","","運動休閒","鐘德禮","林昌永"
"186","00777B","凱基AAA至A公司債","櫃","01/13","33.54","+0.07","+0.21","","","186.2","625","7","6.92","","","","","","","債券ETF","丁紹曾","張慈恩"
"187",="2845","遠東銀","市","01/13","12.75","-0.05","-0.39","10","438","486.5","620","34","27.1","","","有","有","","","銀行業","周添財","林建忠"
"188",="2889","國票金","市","01/13","17.05","+0.05","+0.29","10","363","363.4","620","23.8","23.8","","","有","","","","金控業","魏啟林","陳冠舟"
"189",="5289","宜鼎","櫃","01/13","646","+19","+3.03","10","9.46","9.58","619","20.8","12.1","","","有","","","","電腦及週邊設備業","簡川勝","簡川勝"
"190",="6257","矽格","市","01/13","127.5","+8","+6.69","10","48.4","48.39","617","37.1","22.4","有","","有","有","","","半導體業","黃興陽","葉燦鍊"
"191",="1560","中砂","市","01/13","421.5","+5","+1.2","10","14.7","14.63","617","61.5","21","","","有","","","","電機機械","林伯全","謝榮哲"
"192",="3081","聯亞","櫃","01/13","659","-14","-2.08","10","9.25","9.25","610","28.6","10.5","有","","","","","","通信網路業","張景溢","羅淇生"
"193",="6196","帆宣","市","01/13","292.5","+20","+7.34","10","21.8","20.22","591","37","23.2","","","有","有","","","其他電子業","高新明","林育業"
"194",="6944","兆聯實業","市","01/13","770","+30","+4.05","10","7.63","7.63","588","21","0.63","","","有","","","","綠能環保","林國清","曹逸昌"
"195",="5434","崇越","市","01/13","307","+3","+0.99","10","19.1","19.13","587","35.9","25.6","","","有","","","","電子通路業","潘重良","曾海華及李正榮"
"196",="6005","群益證","市","01/13","27","+0.35","+1.31","10","217","217.1","586","37.6","30.4","有","","","","","","證券業","周秀真","李文柱"
"197",="2539","櫻花建","市","01/13","48.35","0","0","10","119","119.3","577","38.7","28.5","","","","","","","建材營造業","陳世英","沈淑貞"
"198",="2915","潤泰全","市","01/13","52.2","+0.1","+0.19","10","110","110.4","576","50","48.5","有","","有","","","","貿易百貨業","徐盛育","徐志漳"
"199",="4583","台灣精銳","市","01/13","718","+18","+2.57","10","8.02","8.02","576","26.2","3.69","","","有","","","","電機機械","張重興","郭崇哲"
"200","00795B","中信美國公債20年","櫃","01/13","27.63","+0.07","+0.25","","","206.7","571","6.8","6.76","","","有","","","","債券ETF","陳金榮","陳正華"
"201",="6191","精成科","市","01/13","114","-2.5","-2.15","10","49.9","49.93","569","52.9","34.9","","","有","","","","電子零組件業","焦佑衡","陶正國/楊建輝"
"202",="1319","東陽","市","01/13","95.7","+1.9","+2.03","10","59.1","59.15","566","58.2","31.1","有","","有","","","","汽車工業","吳永茂","吳永祥"
"203",="5522","遠雄","市","01/13","72.3","-0.6","-0.82","10","78.2","78.16","565","47.4","26.1","","","","有","","","建材營造業","趙文嘉","王耀堂"
"204",="6176","瑞儀","市","01/13","121.5","-2.5","-2.02","10","46.5","46.5","565","30.5","23.7","有","","有","","","","光電業","王昱超","王昱超"
"205",="2645","長榮航太","市","01/13","150","+2.5","+1.69","10","37.5","37.46","562","28.2","2.84","","","有","","","","航運業","黃南宏","謝新文"
"206",="2597","潤弘","市","01/13","180.5","+1","+0.56","10","31.1","31.07","561","50.2","15.8","","","","","","","建材營造業","李志宏","莫惟瀚"
"207","00950B","凱基A級公司債","櫃","01/13","14.41","+0.03","+0.21","","","389","561","1.5","1.52","","","","","","","債券ETF","丁紹曾","張慈恩"
"208","00722B","群益投資級電信債","櫃","01/13","37.26","+0.13","+0.35","","","149","555","8.1","8.08","","","","","","","債券ETF","賴政昇","陳明輝"
"209",="3491","昇達科","櫃","01/13","804","+8","+1.01","10","6.75","6.87","552","26.4","18","","","有","","","","通信網路業","陳淑敏","吳東義"
"210","00778B","凱基金融債20+","櫃","01/13","35.69","+0.08","+0.22","","","152.8","545","7","6.92","","","","","","","債券ETF","丁紹曾","張慈恩"
"211",="4772","台特化","櫃","01/13","369","-7","-1.86","10","14.8","14.77","545","12.8","1.32","","","有","","","","化學工業","徐秀蘭","張雄飛"
"212",="8454","富邦媒","市","01/13","203.5","-4.5","-2.16","10","26.5","26.5","539","21.3","11.1","","","","","","","數位雲端","蔡明忠","谷元宏"
"213",="8422","可寧衛*","市","01/13","47.2","+4.25","+9.9","1","11.4","113.7","537","26.7","14.3","","","有","有","","","綠能環保","楊慶祥","楊永發"
"214",="2637","慧洋-KY","市","01/13","71.1","-0.6","-0.84","10","74.6","74.64","531","17.2","15.1","","","有","有","","","航運業","藍俊昇","藍俊昇"
"215",="2441","超豐","市","01/13","93","-0.9","-0.96","10","56.9","56.88","529","42.9","25.2","有","","有","","","","半導體業","謝永達","紀有章"
"216","00981A","主動統一台股增長","市","01/13","16.77","-0.01","-0.06","","","313","525","0.7","0.64","","","","","","","主動式國內成分股ETF","鄧潤澤","董永寬"
"217",="3131","弘塑","櫃","01/13","1785","-40","-2.19","10","2.92","2.92","522","32.7","15","","","有","","","","其他電子業","張泰山","黃富源"
"218",="6285","啟碁","市","01/13","107","-4","-3.6","10","48.4","48.4","518","29.1","22.3","有","","有","","","","通信網路業","謝宏波","高健榮"
"219",="2634","漢翔","市","01/13","54.8","+0.2","+0.37","10","94.2","94.19","516","29.5","11.4","有","","有","有","","","航運業","曹進平","莊秀美"
"220",="3406","玉晶光","市","01/13","456","-7","-1.51","10","11.3","11.27","514","35.9","20.1","有","","有","","","","光電業","陳天慶","郭英理"
"221",="2606","裕民","市","01/13","60.7","-1.2","-1.94","10","84.5","84.51","513","57.4","35.1","有","","有","有","","","航運業","徐旭東","王書吉"
"222",="4763","材料*-KY","市","01/13","51.6","-1.4","-2.64","1","9.89","98.91","510","11.3","10.2","","","有","有","","","化學工業","王克璋","王克璋"
"223",="2006","東和鋼鐵","市","01/13","69.8","+0.8","+1.16","10","73","73.02","510","63.6","37.5","有","","","有","","","鋼鐵工業","侯傑騰","黃炳樺"
"224","2882A","國泰特","市","01/13","60.9","0","0","","","83.33","507","","8.99","","","","","","","金控業","",""
"225",="1815","富喬","櫃","01/13","86","-1.2","-1.38","10","52.5","58.49","503","27","20","","","有","有","","","電子零組件業","張元賓","陳壁程"
"226",="9917","中保科","市","01/13","109.5","-0.5","-0.45","10","45.1","45.12","494","48.2","32.1","","","","","","","其他業","林建涵","林建涵"
"227",="3532","台勝科","市","01/13","125.5","+4.5","+3.72","10","38.8","38.78","487","30.1","18.1","有","","有","","","","半導體業","郭文筆","高橋和也"
"228","00723B","群益投資級科技債","櫃","01/13","31.92","+0.06","+0.19","","","151.7","484","8.1","8.08","","","","","","","債券ETF","賴政昇","陳明輝"
"229",="1773","勝一","市","01/13","160.5","-1.5","-0.93","10","30","30","482","47","16.9","","","有","","","","化學工業","孫靜源","孫啟發"
"230",="3374","精材","櫃","01/13","177","-7","-3.8","10","27.1","27.14","480","27.3","10.8","有","","有","","","","半導體業","陳家湘","陳家湘"
"231",="4966","譜瑞-KY","櫃","01/13","598","-25","-4.01","10","8.01","8.01","479","20.2","14.3","","","有","","","","半導體業","趙捷","曲明"
"232",="2206","三陽工業","市","01/13","60","-0.4","-0.66","10","78.4","78.37","470","64.4","29.5","","","","","","","汽車工業","吳清源","吳清源"
"233",="3023","信邦","市","01/13","194.5","+0.5","+0.26","10","24","24.01","467","36.1","24.7","","","有","","","","電子零組件業","王紹新","梁偉銘"
"234",="5469","瀚宇博","市","01/13","96","-1","-1.03","10","48.6","48.62","467","36.8","24.9","","","有","","","","電子零組件業","焦佑衡","陶正國"
"235",="5904","寶雅","櫃","01/13","437","-3","-0.68","10","10.6","10.64","465","28.8","23.4","有","","","","","","居家生活","陳建造","陳宗成"
"236",="1736","喬山","市","01/13","152.5","+3","+2.01","10","30.3","30.34","463","50.3","23","","","有","有","","","運動休閒","羅崑泉","羅光廷"
"237",="1210","大成","市","01/13","51.7","+0.1","+0.19","10","89.5","89.48","463","65","47.7","有","","有","","","","食品工業","韓家宇","韓芳豪"
"238",="9941","裕融","市","01/13","80.1","-0.7","-0.87","10","67.6","57.56","461","35.8","26.1","","","","有","","有","其他業","嚴陳莉蓮","闕源龍"
"239",="6548","長科*","櫃","01/13","48.2","-0.25","-0.52","0.4","3.8","95.05","458","16.1","9.34","","","有","","","","半導體業","洪全成","洪全成"
"240",="2867","三商壽","市","01/13","7.73","-0.01","-0.13","10","590","590","456","32.6","13.1","","","有","有","","","保險業","翁肇喜","陳宏昇"
"241",="1722","台肥","市","01/13","46.45","+0.3","+0.65","10","98","98","455","79.7","27.8","有","","","","","","化學工業","張滄郎","陳右欣"
"242",="00922","國泰台灣領袖50","市","01/13","27.38","+0.07","+0.26","","","164.9","451","2.8","2.8","","","","","","","國內成分股ETF","李偉正","張雍川"
"243",="3211","順達","櫃","01/13","292.5","-5.5","-1.85","10","15.4","15.4","451","27.5","21.2","","","有","","","","電腦及週邊設備業","鍾聰明","張崇興"
"244",="1215","卜蜂","市","01/13","151.5","+10.5","+7.45","10","29.5","29.48","447","48.4","38.5","","","有","","","","食品工業","鄭武樾","許瑞通"
"245",="6282","康舒","市","01/13","52","+3.25","+6.67","10","85.6","85.6","445","44.5","22.4","有","","有","有","","","電子零組件業","許介立","許介立"
"246",="2540","愛山林","市","01/13","47","+0.4","+0.86","10","94.5","94.49","444","39.4","36.1","","","","有","","","建材營造業","祝文宇","祝藝"
"247",="2504","國產","市","01/13","37.6","-0.4","-1.05","10","118","118","444","71.1","47.8","","","有","","","","建材營造業","徐蘭英","吳志仁"
"248",="3035","智原","市","01/13","167.5","-3","-1.76","10","26.1","26.06","436","32.6","26.2","有","","有","","","","半導體業","洪嘉聰","王國雍"
"249",="2855","統一證","市","01/13","27.15","+0.5","+1.88","10","160","160.1","435","37.1","26.9","","","","","","","證券業","林寬成","楊凱智"
"250",="00712","復華富時不動產","市","01/13","9.47","-0.03","-0.32","","","459.1","435","8.4","8.4","","","有","","","","固定收益ETF","杜俊雄","張偉智"
"251",="3376","新日興","市","01/13","222","-12","-5.13","10","19.6","19.58","435","57.5","20.1","有","","有","有","","","電子零組件業","呂勝男","阮朝宗"
"252",="3363","上詮","櫃","01/13","415.5","-17.5","-4.04","10","10.4","10.36","431","30.6","14.9","","","","有","有","","通信網路業","林松福","胡頂達"
"253",="1907","永豐餘","市","01/13","25.65","+0.35","+1.38","10","166","166","426","75.9","48.9","有","","","","","","造紙工業","葉惠青","駱秉正"
"254",="5903","全家","櫃","01/13","190.5","0","0","10","22.3","22.32","425","37.4","23.9","","","","","","","居家生活","葉榮廷","薛東都"
"255","2882B","國泰金乙特","市","01/13","60.1","-0.1","-0.17","","","70","421","","7.44","","","","","","","金控業","",""
"256",="00757","統一FANG+","市","01/13","118.1","+0.75","+0.64","","","35.5","419","7.1","7.11","有","","有","","","","國外成分股ETF","鄧潤澤","董永寬"
"257",="3006","晶豪科","市","01/13","146.5","+0.5","+0.34","10","28.6","28.62","419","27.6","23.9","有","","有","有","","","半導體業","張明鑒","張明鑒"
"258",="2211","長榮鋼","市","01/13","100.5","-0.5","-0.5","10","41.7","41.71","419","53","4.76","","","有","","","","鋼鐵工業","林耿立","劉邦恩"
"259",="6213","聯茂","市","01/13","115","-2","-1.71","10","36.3","36.3","417","28.8","23","有","","有","有","","","電子零組件業","陳進財","蔡馨(日彗)"
"260",="6147","頎邦","櫃","01/13","56","+0.7","+1.27","10","74.5","74.46","417","28.5","24","有","","有","","","","半導體業","吳非艱","施政宏"
"261","00756B","群益投等新興公債","櫃","01/13","32.11","+0.04","+0.12","","","129.6","416","7.2","7.23","","","","","","","債券ETF","賴政昇","陳明輝"
"262",="8150","南茂","市","01/13","59","-0.2","-0.34","10","70.5","70.45","416","28.5","11.8","有","","有","","","","半導體業","鄭世杰","鄭世杰"
"263",="2421","建準","市","01/13","152","-3.5","-2.25","10","27.3","27.34","416","45.2","25.3","有","","有","","","","電子零組件業","洪慶昇","洪慶昇"
"264",="2312","金寶","市","01/13","27.55","+2.5","+9.98","10","151","150.5","415","52.7","36.2","有","","有","","","","其他電子業","許介立","陳威昌"
"265","2881B","富邦金乙特","市","01/13","61.9","0","0","","","66.67","413","","7.73","","","","","","","金控業","",""
"266","00631L","元大台灣50正2","市","01/13","410","+3.95","+0.97","","","10.06","412","11.2","11.2","","","有","","","","槓桿及反向型ETF","劉宗聖","陳沛宇"
"267",="3030","德律","市","01/13","174","-2.5","-1.42","10","23.6","23.62","411","36.8","24.8","","","有","","","","其他電子業","陳玠源","陳玠源"
"268",="3680","家登","櫃","01/13","425.5","+0.5","+0.12","10","9.6","9.6","409","27.8","14.4","有","","有","有","","","半導體業","邱銘乾","林添瑞"
"269",="00692","富邦公司治理","市","01/13","61.55","+0.3","+0.49","","","66.18","407","8.7","8.66","","","","","","","國內成分股ETF","黃昭棠","呂其倫"
"270","00953B","群益優選非投等債","市","01/13","9.8","+0.01","+0.1","","","414.7","406","1.4","1.4","","","","","","","債券ETF","賴政昇","陳明輝"
"271",="8112","至上","市","01/13","77.2","-1.8","-2.28","10","55.5","52.53","406","38.9","21.9","有","","有","有","","有","電子通路業","葛均","葛均"
"272",="8110","華東","市","01/13","78","+3.2","+4.28","10","51.8","51.77","404","30.8","19.4","","","有","","","","半導體業","焦佑衡","于鴻祺"
"273",="2467","志聖","市","01/13","256.5","+2.5","+0.98","10","15.7","15.68","402","47.7","24.3","","","有","","","","電子零組件業","梁茂生","梁又文"
"274","00726B","國泰新興投等債","櫃","01/13","33.91","+0.03","+0.09","","","118","400","8","7.93","","","","","","","債券ETF","李偉正","張雍川"
"275",="6414","樺漢","市","01/13","288.5","-5","-1.7","10","13.8","13.75","397","26.5","11.8","有","","有","","","","電腦及週邊設備業","朱復銓","蔡能吉"
"276",="3715","定穎投控","市","01/13","137.5","-7","-4.84","10","27.8","28.36","390","3.4","3.39","","","有","","","","電子零組件業","黃銘宏","劉國瑾"
"277",="6670","復盛應用","市","01/13","279","+7","+2.57","10","13.9","13.94","389","15.3","7.07","","","有","","","","運動休閒","李亮箴","江慶生"
"278",="2352","佳世達","市","01/13","24.6","+0.1","+0.41","10","158","158","389","41.7","29.5","有","","有","有","","","電腦及週邊設備業","陳其宏","黃漢州"
"279",="4766","南寶","市","01/13","321","+0.5","+0.16","10","12.1","12.06","387","62.3","7.13","","","有","","","","化學工業","吳政賢","許明現"
"280","00764B","群益25年美債","櫃","01/13","28.48","+0.08","+0.28","","","135.4","385","7.1","7.06","","","","","","","債券ETF","賴政昇","陳明輝"
"281",="1785","光洋科","櫃","01/13","64.6","+1.1","+1.73","10","59.6","59.6","385","47.4","21","","","","有","","","其他電子業","黄啓峰","黄啓峰"
"282",="4979","華星光","櫃","01/13","273","-17.5","-6.02","10","14.1","14.08","384","24.2","14.1","","","有","有","","","通信網路業","簡惠敏","林大琮(代理)"
"283",="3019","亞光","市","01/13","137","-3.5","-2.49","10","27.9","27.92","383","45.3","25.2","有","","有","","","","光電業","賴以仁","林泰朗"
"284","2881A","富邦特","市","01/13","63.3","0","0","","","60","380","","9.62","","","","","","","金控業","",""
"285",="5234","達興材料","市","01/13","369","+13","+3.65","10","10.3","10.27","379","19.5","13.5","","","有","","","","光電業","林正一","郭宗鑫"
"286",="2498","宏達電","市","01/13","45.05","-1.2","-2.59","10","83.6","83.52","376","28.7","23.8","有","有","有","","","","通信網路業","王雪紅","王雪紅"
"287",="6592","和潤企業","市","01/13","60.2","+0.1","+0.17","10","72.3","62.32","375","26.6","6.1","","","","有","","有","其他業","陳建州","林彥良"
"288",="4915","致伸","市","01/13","79.6","-0.4","-0.5","10","47.1","47.11","375","19.8","13.3","","","有","","","","電子零組件業","潘永中","潘永中"
"289",="3596","智易","市","01/13","170","-7","-3.95","10","22","22.04","375","22.7","16.8","","","有","有","","","通信網路業","陳瑞聰","曾釗鵬"
"290",="2015","豐興","市","01/13","63.7","+0.1","+0.16","10","58.2","58.16","370","57","33.6","","","","","","","鋼鐵工業","林大鈞","林永源"
"291",="00830","國泰費城半導體","市","01/13","62.55","+0.8","+1.3","","","59.05","369","6.7","6.7","","","有","","","","國外成分股ETF","李偉正","張雍川"
"292","00785B","富邦金融投等債","櫃","01/13","36.22","+0.03","+0.08","","","101.7","368","6.8","6.8","","","","","","","債券ETF","黃昭棠","呂其倫"
"293",="7722","LINEPAY","市","01/13","540","-8","-1.46","10","6.8","6.8","367","10.9","1.11","","","有","","","","數位雲端","丁雄注","丁雄注"
"294",="00882","中信中國高股息","市","01/13","15.59","+0.13","+0.84","","","235.3","367","5","4.94","","","有","","","","國外成分股ETF","陳金榮","陳正華"
"295","00754B","群益AAA-AA公司債","櫃","01/13","34.61","+0.09","+0.26","","","105.8","366","7.2","7.23","","","","","","","債券ETF","賴政昇","陳明輝"
"296",="2850","新產","市","01/13","115.5","-0.5","-0.43","10","31.6","31.6","365","62.7","25.6","","","","","","","保險業","吳昕紘","何英蘭"
"297",="2923","鼎固-KY","市","01/13","20.95","+1.1","+5.54","10","174","174","365","18.1","13.1","","","","","","","建材營造業","張洪本","張能耀"
"298",="2548","華固","市","01/13","114","-2","-1.72","10","32","31.97","364","36.8","25.5","有","","有","有","","","建材營造業","鍾榮昌","洪嘉昇"
"299",="6187","萬潤","櫃","01/13","375","-5","-1.32","10","9.7","9.71","364","29.6","23.3","","","有","","","","半導體業","盧鏡來","歐承恩"
"300",="3450","聯鈞","市","01/13","249.5","-7.5","-2.92","10","14.6","14.57","363","25.3","19.8","","","有","","","","半導體業","鄭祝良","宋天增"
